url,performance,accessibility,best_practices,seo
,,,,
,,,,
,,,,
,,,,
,,,,
https://bouldercounty.gov/departments/human-services/boulder-county-connect/,0.25,0.97,0.88,0.77
,,,,
https://bouldercounty.gov/elections/information/student-democracy-program/,0.25,0.97,0.88,0.85
https://bouldercounty.gov/elections/information/high-school-resources/,0.25,0.97,0.88,0.85
https://bouldercounty.gov/elections/information/legislative-highlights-2023/,0.25,0.97,0.88,0.85
https://bouldercounty.gov/elections/information/ballot-drop-boxes/,0.25,0.94,0.88,0.85
https://bouldercounty.gov/elections/information/displacedvoters/,0.25,0.97,0.88,0.85
https://bouldercounty.gov/elections/information/spanish-version-election-information/,0.25,0.97,0.88,0.85
https://bouldercounty.gov/elections/information/high-school-resources/,0.25,0.97,0.88,0.85
https://bouldercounty.gov/elections/information/2025-federal-activity/,0.25,0.97,0.88,0.85
,,,,
https://bouldercounty.gov/elections/information/spanish-version-election-information/,0.25,0.97,0.88,0.85
https://bouldercounty.gov/elections/information/student-democracy-program/,0.25,0.97,0.88,0.85
https://bouldercounty.gov/elections/information/voting-locations/,0.25,0.97,0.88,0.92
https://bouldercounty.gov/elections/information/media-policy/,0.25,0.97,0.88,0.92
https://bouldercounty.gov/elections/information/legislative-highlights-2021/,0.25,0.97,0.88,0.85
https://bouldercounty.gov/elections/information/spanish-version-election-information/,0.25,0.97,0.88,0.85
https://bouldercounty.gov/elections/information/displacedvoters/,0.25,0.97,0.88,0.85
https://bouldercounty.gov/elections/information/legislative-highlights-2023/,0.25,0.97,0.88,0.85
https://bouldercounty.gov/elections/information/running-for-office/,0.25,0.97,0.88,0.92
,,,,
,,,,
,,,,
,,,,
https://bouldercounty.gov/open-space/management/annual-reports/,0.25,0.97,0.88,0.85
,,,,
https://bouldercounty.gov/open-space/management/conservation-awards/,0.25,0.97,0.88,0.85
https://bouldercounty.gov/open-space/management/cultural-responsiveness-inclusion-strategic-plan/,0.25,0.97,0.88,0.85
,,,,
,,,,
https://bouldercounty.gov/open-space/management/conservation-awards/,0.25,0.97,0.88,0.85
https://bouldercounty.gov/open-space/management/plans-and-policies/,0.25,0.97,0.88,0.85
,,,,
,,,,
,,,,
,,,,
,,,,
https://bouldercounty.gov/open-space/management/south-st-vrain-creek-restoration-project/,0.25,0.97,0.88,0.85
https://bouldercounty.gov/open-space/management/annual-reports/,0.25,0.97,0.88,0.85
,,,,
https://bouldercounty.gov/open-space/management/acres/,0.25,0.97,0.88,0.85
https://bouldercounty.gov/open-space/management/lyons-quarry-reclamation/,0.25,0.97,0.88,0.85
,,,,
,,,,
,,,,
,,,,
https://bouldercounty.gov/open-space/management/heil-valley-ranch-cal-wood-fire-recovery/,0.25,0.97,0.88,0.85
https://bouldercounty.gov/open-space/management/heil-valley-ranch-cal-wood-fire-recovery/,0.25,0.97,0.88,0.85
,,,,
https://bouldercounty.gov/open-space/management/acquisitions/,0.25,0.97,0.88,0.85
https://bouldercounty.gov/government/contact-us/details/bus-stop-enhancement/,0.25,0.97,0.88,0.85
,,,,
,,,,
,,,,
,,,,
,,,,
https://bouldercounty.gov/government/contact-us/staff-directory/details/jayde-clarke/,0.25,0.97,0.88,0.85
https://bouldercounty.gov/government/contact-us/staff-directory/details/heather-dodge/,0.25,0.97,0.88,0.85
https://bouldercounty.gov/government/contact-us/details/boulder-county-public-trustee/,0.25,0.97,0.88,0.85
https://bouldercounty.gov/government/contact-us/staff-directory/details/angel-bond/,0.25,0.97,0.88,0.85
https://bouldercounty.gov/government/contact-us/details/budget-office/,0.25,0.97,0.88,0.85
https://bouldercounty.gov/government/contact-us/staff-directory/details/kristina-buckles/,0.25,0.97,0.88,0.85
https://bouldercounty.gov/government/contact-us/staff-directory/details/richard-hackett/,0.25,0.97,0.88,0.85
,,,,
https://bouldercounty.gov/government/contact-us/staff-directory/details/joseph-jimenez/,0.25,0.97,0.88,0.92
https://bouldercounty.gov/government/contact-us/staff-directory/details/wesley-jefferies/,0.25,0.97,0.88,0.85
https://bouldercounty.gov/government/contact-us/staff-directory/details/leslie-cline/,0.25,0.97,0.88,0.85
https://bouldercounty.gov/government/contact-us/details/adopt-a-county-road/,0.25,0.97,0.88,0.85
https://bouldercounty.gov/government/contact-us/staff-directory/details/stephanie-buchanan/,0.25,0.97,0.88,0.85
https://bouldercounty.gov/government/contact-us/staff-directory/details/fabienne-dejean/,0.25,0.97,0.88,0.85
https://bouldercounty.gov/government/contact-us/staff-directory/details/leslie-cline/,0.25,0.97,0.88,0.85
https://bouldercounty.gov/government/contact-us/staff-directory/details/david-haines/,0.25,0.97,0.88,0.85
https://bouldercounty.gov/government/contact-us/details/adopt-a-county-road/,0.25,0.97,0.88,0.85
https://bouldercounty.gov/government/contact-us/details/boulder-county-prevention-connection/,0.25,0.97,0.88,0.85
https://bouldercounty.gov/government/contact-us/details/finance/,0.25,0.97,0.88,0.85
https://bouldercounty.gov/government/contact-us/staff-directory/details/stephanie-buchanan/,0.25,0.97,0.88,0.85
https://bouldercounty.gov/government/contact-us/details/business-sustainability-program/,0.25,0.97,0.88,0.85
https://bouldercounty.gov/government/contact-us/staff-directory/details/michelle-huebner/,0.25,0.97,0.88,0.85
https://bouldercounty.gov/government/contact-us/staff-directory/details/summer-frederick/,0.25,0.97,0.88,0.85
https://bouldercounty.gov/government/contact-us/details/boulder-county-prevention-connection/,0.25,0.97,0.88,0.85
https://bouldercounty.gov/government/contact-us/details/adopt-a-county-road/,0.25,0.97,0.88,0.85
https://bouldercounty.gov/government/contact-us/staff-directory/details/jie-huang/,0.25,0.97,0.88,0.85
https://bouldercounty.gov/government/contact-us/details/evidence%E2%80%91property/,0.25,0.97,0.88,0.85
https://bouldercounty.gov/government/contact-us/details/clerk-and-recorders-office/,0.25,0.97,0.88,0.85
https://bouldercounty.gov/government/contact-us/staff-directory/details/danny-herrmann/,0.25,0.97,0.88,0.85
https://bouldercounty.gov/government/contact-us/staff-directory/details/stephen-hennessy/,0.25,0.97,0.88,0.85
https://bouldercounty.gov/government/contact-us/staff-directory/details/kathy-gissel/,0.25,0.97,0.88,0.85
https://bouldercounty.gov/government/contact-us/staff-directory/details/paul-kwiatkowski/,0.25,0.97,0.88,0.85
https://bouldercounty.gov/government/contact-us/details/coffman-site-longmont/,0.25,0.97,0.88,0.85
https://bouldercounty.gov/government/contact-us/details/building-permits-and-inspection/,0.25,0.97,0.88,0.85
https://bouldercounty.gov/government/contact-us/staff-directory/details/ben-jackson/,0.25,0.97,0.88,0.85
https://bouldercounty.gov/government/contact-us/staff-directory/details/ben-jackson/,0.25,0.97,0.88,0.85
https://bouldercounty.gov/government/contact-us/details/community-substance-abuse-prevention/,0.25,0.97,0.88,0.85
https://bouldercounty.gov/government/contact-us/staff-directory/details/melissa-hunter/,0.25,0.97,0.88,0.92
https://bouldercounty.gov/government/contact-us/details/family-health-longmont/,0.25,0.97,0.88,0.85
https://bouldercounty.gov/government/contact-us/details/adoption-foster-care/,0.25,0.97,0.88,0.85
https://bouldercounty.gov/government/contact-us/details/community-health-boulder/,0.25,0.97,0.88,0.85
https://bouldercounty.gov/government/contact-us/details/best-program/,0.25,0.97,0.88,0.85
https://bouldercounty.gov/government/contact-us/details/community-health-boulder/,0.25,0.97,0.88,0.85
https://bouldercounty.gov/government/contact-us/details/adoption-foster-care/,0.25,0.97,0.88,0.85
https://bouldercounty.gov/government/contact-us/staff-directory/details/alyssa-conklin/,0.25,0.97,0.88,0.85
https://bouldercounty.gov/government/contact-us/staff-directory/details/zack-bertges/,0.25,0.97,0.88,0.85
https://bouldercounty.gov/government/contact-us/details/civil-division/,0.25,0.97,0.88,0.85
https://bouldercounty.gov/government/contact-us/staff-directory/details/landon-hilliard/,0.25,0.97,0.88,0.92
https://bouldercounty.gov/government/contact-us/staff-directory/details/ron-flax/,0.25,0.97,0.88,0.92
https://bouldercounty.gov/government/contact-us/staff-directory/details/sean-gambrel/,0.25,0.97,0.88,0.85
https://bouldercounty.gov/government/contact-us/details/communications-program/,0.25,0.97,0.88,0.85
https://bouldercounty.gov/government/contact-us/details/building-services/,0.25,0.97,0.88,0.85
https://bouldercounty.gov/government/contact-us/staff-directory/details/heather-dodge/,0.25,0.97,0.88,0.85
https://bouldercounty.gov/government/contact-us/staff-directory/details/jie-huang/,0.25,0.97,0.88,0.85
https://bouldercounty.gov/government/contact-us/details/administration-sheriff/,0.25,0.97,0.88,0.85
https://bouldercounty.gov/government/contact-us/details/board-of-equalization/,0.25,0.97,0.88,0.85
https://bouldercounty.gov/government/contact-us/details/board-of-county-commissioners/,0.25,0.97,0.88,0.85
https://bouldercounty.gov/government/contact-us/details/emergency-tdd-for-use-by-deaf/,0.25,0.97,0.88,0.85
https://bouldercounty.gov/government/contact-us/details/special-event-permits/,0.25,0.97,0.88,0.85
https://bouldercounty.gov/government/contact-us/details/child-support/,0.25,0.97,0.88,0.85
https://bouldercounty.gov/government/contact-us/staff-directory/details/tea-flynn/,0.25,0.97,0.88,0.85
https://bouldercounty.gov/government/contact-us/staff-directory/details/chad-hagen/,0.25,0.97,0.88,0.85
,,,,
https://bouldercounty.gov/government/contact-us/details/elections/,0.25,0.97,0.88,0.85
https://bouldercounty.gov/government/contact-us/staff-directory/details/ethan-abner/,0.25,0.97,0.88,0.85
https://bouldercounty.gov/government/contact-us/staff-directory/details/dale-case/,0.25,0.97,0.88,0.85
https://bouldercounty.gov/government/contact-us/details/child-support/,0.25,0.97,0.88,0.85
https://bouldercounty.gov/government/contact-us/details/children-with-special-needs-program-csn/,0.25,0.97,0.88,0.85
https://bouldercounty.gov/government/contact-us/details/community-health-longmont/,0.25,0.97,0.88,0.85
https://bouldercounty.gov/government/contact-us/details/assessors-office/,0.25,0.97,0.88,0.85
https://bouldercounty.gov/government/contact-us/details/building-services/,0.25,0.97,0.88,0.85
https://bouldercounty.gov/government/contact-us/staff-directory/details/kristina-buckles/,0.25,0.97,0.88,0.85
https://bouldercounty.gov/government/contact-us/details/community-substance-abuse-prevention/,0.25,0.97,0.88,0.85
https://bouldercounty.gov/government/contact-us/details/best-program/,0.25,0.97,0.88,0.85
https://bouldercounty.gov/government/contact-us/staff-directory/details/fabienne-dejean/,0.25,0.97,0.88,0.85
https://bouldercounty.gov/government/contact-us/details/community-services/,0.25,0.97,0.88,0.85
https://bouldercounty.gov/government/contact-us/details/family-health-boulder/,0.25,0.97,0.88,0.85
https://bouldercounty.gov/government/contact-us/staff-directory/details/margaret-halford/,0.25,0.97,0.88,0.85
https://bouldercounty.gov/government/contact-us/details/all-emergency-calls/,0.25,0.97,0.88,0.85
https://bouldercounty.gov/government/contact-us/details/adoption-foster-care/,0.25,0.97,0.88,0.85
https://bouldercounty.gov/government/contact-us/staff-directory/details/raina-eshleman/,0.25,0.97,0.88,0.85
,,,,
,,,,
,,,,
https://bouldercounty.gov/government/contact-us/details/body-art-program/,0.25,0.97,0.88,0.85
,,,,
https://bouldercounty.gov/government/contact-us/details/bus-stop-enhancement/,0.25,0.97,0.88,0.77
,,,,
https://bouldercounty.gov/government/contact-us/staff-directory/details/kristina-buckles/,0.25,0.97,0.88,0.77
https://bouldercounty.gov/government/contact-us/details/child-health-promotion-chp/,0.25,0.97,0.88,0.77
https://bouldercounty.gov/government/contact-us/details/clerk-and-recorders-office/,0.25,0.97,0.88,0.77
https://bouldercounty.gov/volunteer/opportunities/details/adopt-a-county-road-program/,0.25,0.93,0.88,0.85
https://bouldercounty.gov/volunteer/opportunities/details/165041/,0.25,0.97,0.88,0.85
https://bouldercounty.gov/volunteer/opportunities/details/medical-reserve-corps-clinical-volunteer/,0.25,0.97,0.88,0.85
https://bouldercounty.gov/volunteer/opportunities/details/medical-reserve-corps-clinical-volunteer/,0.25,0.97,0.88,0.77
https://bouldercounty.gov/volunteer/opportunities/details/generations-volunteer/,0.25,0.97,0.88,0.85
,,,,
https://bouldercounty.gov/volunteer/opportunities/details/academic-tutors-for-casa-de-la-esperanza-learning-center-2/,0.25,0.97,0.88,0.85
https://bouldercounty.gov/volunteer/opportunities/details/victim-advocate-outreach/,0.25,0.97,0.88,0.85
https://bouldercounty.gov/volunteer/opportunities/details/healthy-food-access-driver/,0.25,0.97,0.88,0.85
https://bouldercounty.gov/volunteer/opportunities/details/respite-companion-volunteer/,0.25,0.97,0.88,0.85
https://bouldercounty.gov/volunteer/opportunities/details/healthy-food-access-driver/,0.25,0.97,0.88,0.85
https://bouldercounty.gov/volunteer/opportunities/details/victim-witness-volunteer-advocate/,0.25,0.97,0.88,0.85
https://bouldercounty.gov/volunteer/opportunities/details/anger-management-facilitator-jail-clients-jet-program/,0.25,0.97,0.88,0.85
https://bouldercounty.gov/volunteer/opportunities/details/adopt-a-county-road-program/,0.25,0.93,0.88,0.85
https://bouldercounty.gov/volunteer/opportunities/details/victim-advocate-outreach/,0.25,0.97,0.88,0.85
https://bouldercounty.gov/volunteer/opportunities/details/wellness-coach/,0.25,0.97,0.88,0.85
https://bouldercounty.gov/families/food/causes-and-symptoms-of-foodborne-illness/,0.25,0.97,0.88,0.85
https://bouldercounty.gov/families/food/fruit-and-veg-program/,0.25,0.97,0.88,0.85
https://bouldercounty.gov/families/food/housing-and-human-services-program-income-limits/,0.25,0.97,0.88,0.77
https://bouldercounty.gov/families/food/food-assistance-program/,0.25,0.97,0.88,0.92
https://bouldercounty.gov/families/food/employment-first-program/,0.25,0.97,0.88,0.77
https://bouldercounty.gov/families/food/quest-ebt-card/,0.25,0.97,0.69,0.85
https://bouldercounty.gov/families/food/fruit-and-veg-program/,0.25,0.97,0.88,0.85
https://bouldercounty.gov/families/food/food-safety-at-home-and-foodborne-illness/,0.25,0.97,0.88,0.85
https://bouldercounty.gov/families/food/retail-food-forum/,0.25,0.97,0.88,0.85
https://bouldercounty.gov/families/food/food-safety-program/,0.25,0.97,0.88,0.85
https://bouldercounty.gov/families/food/quest-ebt-card/,0.25,0.97,0.69,0.85
https://bouldercounty.gov/families/food/,0.25,0.95,0.88,0.85
https://bouldercounty.gov/families/food/restaurant-inspection-data/,0.25,0.94,0.88,0.85
https://bouldercounty.gov/families/food/,0.25,0.95,0.88,0.85
https://bouldercounty.gov/disasters/wildfires/,0.25,0.97,0.88,0.85
https://bouldercounty.gov/disasters/wildfires/mitigation/wildfire-mitigation-sales-tax-1a-programs/,0.25,0.97,0.88,0.92
https://bouldercounty.gov/disasters/wildfires/mitigation/wildfire-resources-and-information/,0.25,0.97,0.88,0.85
https://bouldercounty.gov/disasters/wildfires/mitigation/wildfire-mitigation-programs/,0.25,0.97,0.88,0.92
https://bouldercounty.gov/disasters/wildfires/marshall/,0.25,0.97,0.88,0.92
https://bouldercounty.gov/disasters/wildfires/mitigation/forest-and-grasslands-management/,0.25,0.97,0.88,0.92
https://bouldercounty.gov/disasters/wildfires/maps-and-videos/,0.25,0.97,0.88,0.85
https://bouldercounty.gov/disasters/wildfires/mitigation/,0.25,0.97,0.88,0.85
https://bouldercounty.gov/disasters/wildfires/mitigation/wildfire-mitigation-sales-tax-1a-programs/,0.25,0.97,0.88,0.92
https://bouldercounty.gov/disasters/wildfires/maps-and-videos/,0.25,0.97,0.88,0.85
https://bouldercounty.gov/disasters/wildfires/mitigation/wildfire-mitigation-code-requirements/,0.25,0.97,0.88,0.92
https://bouldercounty.gov/disasters/wildfires/maps-and-videos/,0.25,0.97,0.88,0.85
https://bouldercounty.gov/disasters/wildfires/mitigation/wildfire-resources-and-information/,0.25,0.97,0.88,0.85
https://bouldercounty.gov/disasters/wildfires/mitigation/forest-and-grasslands-management/,0.25,0.97,0.88,0.92
https://bouldercounty.gov/disasters/wildfires/mitigation/wildfire-resources-and-information/,0.25,0.97,0.88,0.85
https://bouldercounty.gov/news/update-1-caribou-village-shopping-center-fire/,0.25,0.97,0.88,0.77
,,,,
https://bouldercounty.gov/departments/community-services/workforce-boulder-county/veterans-employment-services/,0.25,0.95,0.88,0.77
https://bouldercounty.gov/departments/community-services/workforce-boulder-county/adult-program/,0.25,0.95,0.88,0.77
,,,,
,,,,
https://bouldercounty.gov/departments/community-services/strategic-initiatives/behavioral-health-roadmap/,0.25,0.97,0.88,0.85
,,,,
,,,,
,,,,
,,,,
,,,,
https://bouldercounty.gov/departments/community-services/strategic-initiatives/,0.25,0.97,0.88,0.92
,,,,
,,,,
https://bouldercounty.gov/departments/community-services/area-agency-aging/,0.25,0.97,0.88,0.85
,,,,
https://bouldercounty.gov/departments/community-services/workforce-boulder-county/veterans-employment-services/,0.25,0.95,0.88,0.85
https://bouldercounty.gov/departments/community-services/area-agency-aging/servicios/,0.25,0.97,0.88,0.85
https://bouldercounty.gov/departments/community-services/area-agency-aging/caregiver/,0.25,0.97,0.88,0.85
https://bouldercounty.gov/departments/community-services/workforce-boulder-county/career-resources/,0.25,0.95,0.88,0.85
https://bouldercounty.gov/departments/community-services/workforce-boulder-county/employer-events/,0.25,0.95,0.88,0.85
,,,,
,,,,
,,,,
https://bouldercounty.gov/departments/community-services/strategic-initiatives/,0.25,0.97,0.88,0.92
https://bouldercounty.gov/departments/community-services/homeless/,0.25,0.97,0.88,0.85
https://bouldercounty.gov/departments/community-services/workforce-boulder-county/about-us/,0.25,0.95,0.88,0.85
https://bouldercounty.gov/departments/community-services/head-start/sunflower/,0.25,0.97,0.88,0.85
https://bouldercounty.gov/departments/community-services/area-agency-aging/falls-prevention/,0.25,0.97,0.88,0.85
https://bouldercounty.gov/departments/community-services/workforce-boulder-county/employer-events/,0.25,0.95,0.88,0.85
https://bouldercounty.gov/departments/community-services/child-protection-review-services/,0.25,0.97,0.88,0.85
https://bouldercounty.gov/departments/community-services/area-agency-aging/medicare-counseling/,0.25,0.97,0.88,0.85
,,,,
,,,,
,,,,
,,,,
https://bouldercounty.gov/departments/community-services/homeless/project-recovery/,0.25,0.95,0.88,0.85
https://bouldercounty.gov/departments/community-services/community-action-programs/perl/,0.25,0.97,0.88,0.85
https://bouldercounty.gov/departments/community-services/area-agency-aging/research-surveys-plans/,0.25,0.97,0.88,0.85
https://bouldercounty.gov/departments/community-services/head-start/sunflower/,0.25,0.97,0.88,0.85
,,,,
https://bouldercounty.gov/departments/community-services/area-agency-aging/healthy-aging-programs/,0.25,0.97,0.88,0.85
https://bouldercounty.gov/departments/community-services/head-start/,0.25,0.97,0.88,0.92
,,,,
https://bouldercounty.gov/records/recording/,0.25,0.97,0.88,0.85
https://bouldercounty.gov/records/recording/drop-boxes/,0.25,0.97,0.88,0.85
https://bouldercounty.gov/records/recording/,0.25,0.97,0.88,0.85
https://bouldercounty.gov/records/recording/propertyalert/,0.25,0.97,0.88,0.85
https://bouldercounty.gov/records/recording/documents/,0.25,0.97,0.88,0.85
https://bouldercounty.gov/records/recording/frequently-asked-questions/,0.25,0.97,0.88,0.85
https://bouldercounty.gov/records/recording/mineral-rights/,0.25,0.97,0.88,0.85
https://bouldercounty.gov/property-and-land/land-use/planning/bvcp-2015-boulder-valley-comprehensive-plan-update/,0.25,0.97,0.88,0.85
https://bouldercounty.gov/property-and-land/land-use/building/building-safety-inspection-services/,0.25,0.97,0.88,0.92
,,,,
https://bouldercounty.gov/property-and-land/land-use/building/building-safety-inspection-services/,0.25,0.97,0.88,0.92
,,,,
,,,,
https://bouldercounty.gov/property-and-land/land-use/building/buildsmart/,0.25,0.97,0.88,0.85
https://bouldercounty.gov/property-and-land/land-use/building/municipal-contacts/,0.25,0.97,0.88,0.92
,,,,
,,,,
,,,,
,,,,
,,,,
,,,,
,,,,
,,,,
,,,,
,,,,
,,,,
https://bouldercounty.gov/property-and-land/land-use/planning/land-use-code-update/dc-19-0001/,0.25,0.97,0.88,0.92
,,,,
,,,,
,,,,
,,,,
,,,,
,,,,
https://bouldercounty.gov/property-and-land/land-use/planning/review/subdivision-exemption-review-se/,0.25,0.97,0.88,0.77
,,,,
,,,,
,,,,
,,,,
https://bouldercounty.gov/property-and-land/land-use/building/building-safety-inspection-services/,0.25,0.97,0.88,0.92
,,,,
https://bouldercounty.gov/property-and-land/land-use/building/building-permits/,0.25,0.97,0.88,0.92
,,,,
,,,,
,,,,
,,,,
,,,,
https://bouldercounty.gov/property-and-land/land-use/zoning/land-use-code/county-zoning/,0.25,0.97,0.92,0.85
,,,,
https://bouldercounty.gov/property-and-land/land-use/planning/exemption-plat-review-ep/,0.25,0.97,0.88,0.85
https://bouldercounty.gov/property-and-land/land-use/building/building-publications/,0.25,0.97,0.88,0.92
https://bouldercounty.gov/property-and-land/land-use/building/board-of-review/,0.25,0.97,0.88,0.92
https://bouldercounty.gov/property-and-land/land-use/planning/revegetation/,0.25,0.97,0.88,0.85
https://bouldercounty.gov/property-and-land/land-use/building/contractor-licensing/,0.25,0.97,0.88,0.92
https://bouldercounty.gov/property-and-land/land-use/zoning/land-use-code/enforcement/,0.25,0.97,0.88,0.85
https://bouldercounty.gov/property-and-land/land-use/planning/review/site-plan-review-spr/,0.25,0.97,0.88,0.85
https://bouldercounty.gov/property-and-land/land-use/building/contractor-licensing/,0.25,0.97,0.88,0.92
https://bouldercounty.gov/property-and-land/land-use/building/ezbp-building-permits/,0.25,0.97,0.88,0.92
https://bouldercounty.gov/property-and-land/land-use/planning/,0.25,0.97,0.88,0.85
https://bouldercounty.gov/property-and-land/land-use/planning/oil-gas-development/multi-pronged-approach/,0.25,0.97,0.88,0.85
https://bouldercounty.gov/property-and-land/land-use/historic-preservation/,0.25,0.97,0.88,0.92
https://bouldercounty.gov/property-and-land/assessor/sales/comps-2025/residential/,0.25,0.97,0.88,0.85
https://bouldercounty.gov/property-and-land/assessor/assessor-a-z/,0.25,0.97,0.88,0.85
,,,,
,,,,
https://bouldercounty.gov/property-and-land/assessor/assessment/mass-appraisal/,0.25,0.97,0.88,0.77
,,,,
,,,,
https://bouldercounty.gov/property-and-land/assessor/sales/sorting/,0.25,0.97,0.88,0.85
https://bouldercounty.gov/property-and-land/assessor/sales/recent/,0.25,0.97,0.88,0.85
https://bouldercounty.gov/property-and-land/assessor/agricultural-valuation/,0.25,0.97,0.88,0.85
https://bouldercounty.gov/property-and-land/assessor/mobile-homes/faq/,0.25,0.97,0.88,0.85
https://bouldercounty.gov/property-and-land/assessor/senior-exemption/senior-primary-residence/,0.25,0.97,0.88,0.85
https://bouldercounty.gov/property-and-land/assessor/special-property-types/,0.25,0.97,0.88,0.85
https://bouldercounty.gov/property-and-land/assessor/forms/,0.25,0.97,0.88,0.85
https://bouldercounty.gov/property-and-land/assessor/appeals/abatement/,0.25,0.97,0.88,0.85
https://bouldercounty.gov/property-and-land/assessor/business-personal-property/asset-lists/declarations-online-faq/,0.2,0.97,0.88,0.85
https://bouldercounty.gov/property-and-land/assessor/assessor-a-z/,0.25,0.97,0.88,0.85
,,,,
,,,,
,,,,
,,,,
,,,,
,,,,
,,,,
,,,,
,,,,
,,,,
,,,,
,,,,
,,,,
,,,,
,,,,
https://bouldercounty.gov/news/motor-vehicle-collision-in-boulder-on-09-14-2022/,0.25,0.97,0.88,0.85
,,,,
,,,,
,,,,
,,,,
,,,,
,,,,
,,,,
,,,,
,,,,
,,,,
,,,,
,,,,
,,,,
,,,,
,,,,
,,,,
,,,,
,,,,
,,,,
,,,,
,,,,
,,,,
,,,,
,,,,
,,,,
,,,,
,,,,
,,,,
,,,,
,,,,
,,,,
,,,,
,,,,
,,,,
,,,,
,,,,
,,,,
,,,,
,,,,
https://bouldercounty.gov/open-space/education/hard-rock-mining-tour/,0.25,0.97,0.88,0.85
,,,,
,,,,
,,,,
,,,,
https://bouldercounty.gov/open-space/education/field-guides-and-brochures/,0.25,0.97,0.88,0.85
,,,,
,,,,
,,,,
,,,,
,,,,
,,,,
,,,,
,,,,
,,,,
,,,,
,,,,
,,,,
,,,,
,,,,
,,,,
,,,,
